dtype,username,firstname,lastname,password,profile_pic,address,age,is_band_member,years_in_band
Musician,VikaBlack,Vika,Black,aA@123456,profilePic.png,address,56,f,\xaced00057372000d6a6176612e74696d652e536572955d84ba1b2248b20c00007870770d0e00000000000000000000000078
Musician,DarbyRose,Darby,Rose,aA@123456,profilePic.png,address,58,f,\xaced00057372000d6a6176612e74696d652e536572955d84ba1b2248b20c00007870770d0e00000000000000000000000078
Musician,SonalLawrence,Sonal,Lawrence,aA@123456,profilePic.png,address,47,f,\xaced00057372000d6a6176612e74696d652e536572955d84ba1b2248b20c00007870770d0e00000000000000000000000078
Musician,LevellWalton,Levell,Walton,aA@123456,profilePic.png,address,64,f,\xaced00057372000d6a6176612e74696d652e536572955d84ba1b2248b20c00007870770d0e00000000000000000000000078
Musician,SherrilynSykes,Sherrilyn,Sykes,aA@123456,profilePic.png,address,65,f,\xaced00057372000d6a6176612e74696d652e536572955d84ba1b2248b20c00007870770d0e00000000000000000000000078
Musician,GaroldGolden,Garold,Golden,aA@123456,profilePic.png,address,23,f,\xaced00057372000d6a6176612e74696d652e536572955d84ba1b2248b20c00007870770d0e00000000000000000000000078
Musician,CleliaKaplan,Clelia,Kaplan,aA@123456,profilePic.png,address,63,f,\xaced00057372000d6a6176612e74696d652e536572955d84ba1b2248b20c00007870770d0e00000000000000000000000078
Musician,LatreseFox,Latrese,Fox,aA@123456,profilePic.png,address,50,f,\xaced00057372000d6a6176612e74696d652e536572955d84ba1b2248b20c00007870770d0e00000000000000000000000078
Musician,ReveccaGlass,Revecca,Glass,aA@123456,profilePic.png,address,61,f,\xaced00057372000d6a6176612e74696d652e536572955d84ba1b2248b20c00007870770d0e00000000000000000000000078
Musician,MarbinDunn,Marbin,Dunn,aA@123456,profilePic.png,address,48,f,\xaced00057372000d6a6176612e74696d652e536572955d84ba1b2248b20c00007870770d0e00000000000000000000000078
Musician,DeshonnaPerkins,Deshonna,Perkins,aA@123456,profilePic.png,address,50,f,\xaced00057372000d6a6176612e74696d652e536572955d84ba1b2248b20c00007870770d0e00000000000000000000000078
Musician,JannelleLawrence,Jannelle,Lawrence,aA@123456,profilePic.png,address,43,f,\xaced00057372000d6a6176612e74696d652e536572955d84ba1b2248b20c00007870770d0e00000000000000000000000078
Musician,AquilHodge,Aquil,Hodge,aA@123456,profilePic.png,address,20,f,\xaced00057372000d6a6176612e74696d652e536572955d84ba1b2248b20c00007870770d0e00000000000000000000000078
Musician,BlazeJoseph,Blaze,Joseph,aA@123456,profilePic.png,address,29,f,\xaced00057372000d6a6176612e74696d652e536572955d84ba1b2248b20c00007870770d0e00000000000000000000000078
Musician,BruchaSong,Brucha,Song,aA@123456,profilePic.png,address,27,f,\xaced00057372000d6a6176612e74696d652e536572955d84ba1b2248b20c00007870770d0e00000000000000000000000078
Musician,DineshMcKenna,Dinesh,McKenna,aA@123456,profilePic.png,address,36,f,\xaced00057372000d6a6176612e74696d652e536572955d84ba1b2248b20c00007870770d0e00000000000000000000000078
Musician,TyanaOlsen,Tyana,Olsen,aA@123456,profilePic.png,address,49,f,\xaced00057372000d6a6176612e74696d652e536572955d84ba1b2248b20c00007870770d0e00000000000000000000000078
Musician,KashonnaMcClure,Kashonna,McClure,aA@123456,profilePic.png,address,21,f,\xaced00057372000d6a6176612e74696d652e536572955d84ba1b2248b20c00007870770d0e00000000000000000000000078
Musician,HanselMay,Hansel,May,aA@123456,profilePic.png,address,53,f,\xaced00057372000d6a6176612e74696d652e536572955d84ba1b2248b20c00007870770d0e00000000000000000000000078
Musician,TykiaJones,Tykia,Jones,aA@123456,profilePic.png,address,29,f,\xaced00057372000d6a6176612e74696d652e536572955d84ba1b2248b20c00007870770d0e00000000000000000000000078
Musician,TamilliaMatthews,Tamillia,Matthews,aA@123456,profilePic.png,address,56,f,\xaced00057372000d6a6176612e74696d652e536572955d84ba1b2248b20c00007870770d0e00000000000000000000000078
Musician,BeverlyMay,Beverly,May,aA@123456,profilePic.png,address,57,f,\xaced00057372000d6a6176612e74696d652e536572955d84ba1b2248b20c00007870770d0e00000000000000000000000078
Musician,KipKinney,Kip,Kinney,aA@123456,profilePic.png,address,23,f,\xaced00057372000d6a6176612e74696d652e536572955d84ba1b2248b20c00007870770d0e00000000000000000000000078
Musician,JacquiBoswell,Jacqui,Boswell,aA@123456,profilePic.png,address,62,t,\xaced00057372000d6a6176612e74696d652e536572955d84ba1b2248b20c00007870770d0e00000000000000000000000078
Musician,OrestesByrd,Orestes,Byrd,aA@123456,profilePic.png,address,32,t,\xaced00057372000d6a6176612e74696d652e536572955d84ba1b2248b20c00007870770d0e00000000000000000000000078
Musician,AngeletteReid,Angelette,Reid,aA@123456,profilePic.png,address,38,t,\xaced00057372000d6a6176612e74696d652e536572955d84ba1b2248b20c00007870770d0e00000000000000000000000078
Musician,BrooklinSinger,Brooklin,Singer,aA@123456,profilePic.png,address,19,t,\xaced00057372000d6a6176612e74696d652e536572955d84ba1b2248b20c00007870770d0e00000000000000000000000078
Musician,NaziaHamilton,Nazia,Hamilton,aA@123456,profilePic.png,address,65,t,\xaced00057372000d6a6176612e74696d652e536572955d84ba1b2248b20c00007870770d0e00000000000000000000000078
Musician,TaftWoodard,Taft,Woodard,aA@123456,profilePic.png,address,57,t,\xaced00057372000d6a6176612e74696d652e536572955d84ba1b2248b20c00007870770d0e00000000000000000000000078
Musician,TylishaJoyce,Tylisha,Joyce,aA@123456,profilePic.png,address,56,t,\xaced00057372000d6a6176612e74696d652e536572955d84ba1b2248b20c00007870770d0e00000000000000000000000078
Musician,YanSong,Yan,Song,aA@123456,profilePic.png,address,52,t,\xaced00057372000d6a6176612e74696d652e536572955d84ba1b2248b20c00007870770d0e00000000000000000000000078
Musician,RichardJohnston,Richard,Johnston,aA@123456,profilePic.png,address,27,t,\xaced00057372000d6a6176612e74696d652e536572955d84ba1b2248b20c00007870770d0e00000000000000000000000078
Musician,MadeleineBaker,Madeleine,Baker,aA@123456,profilePic.png,address,66,t,\xaced00057372000d6a6176612e74696d652e536572955d84ba1b2248b20c00007870770d0e00000000000000000000000078
Musician,KeokiRich,Keoki,Rich,aA@123456,profilePic.png,address,54,t,\xaced00057372000d6a6176612e74696d652e536572955d84ba1b2248b20c00007870770d0e00000000000000000000000078
Musician,ShalekaParrott,Shaleka,Parrott,aA@123456,profilePic.png,address,52,t,\xaced00057372000d6a6176612e74696d652e536572955d84ba1b2248b20c00007870770d0e00000000000000000000000078
Musician,JasmaineFloyd,Jasmaine,Floyd,aA@123456,profilePic.png,address,45,t,\xaced00057372000d6a6176612e74696d652e536572955d84ba1b2248b20c00007870770d0e00000000000000000000000078
Musician,GisellaButler,Gisella,Butler,aA@123456,profilePic.png,address,26,t,\xaced00057372000d6a6176612e74696d652e536572955d84ba1b2248b20c00007870770d0e00000000000000000000000078
Musician,AydeeByrd,Aydee,Byrd,aA@123456,profilePic.png,address,33,t,\xaced00057372000d6a6176612e74696d652e536572955d84ba1b2248b20c00007870770d0e00000000000000000000000078
Musician,GenesaHawkins,Genesa,Hawkins,aA@123456,profilePic.png,address,53,t,\xaced00057372000d6a6176612e74696d652e536572955d84ba1b2248b20c00007870770d0e00000000000000000000000078
Musician,AristidesKennedy,Aristides,Kennedy,aA@123456,profilePic.png,address,42,t,\xaced00057372000d6a6176612e74696d652e536572955d84ba1b2248b20c00007870770d0e00000000000000000000000078
Musician,HenriMcLaughlin,Henri,McLaughlin,aA@123456,profilePic.png,address,43,t,\xaced00057372000d6a6176612e74696d652e536572955d84ba1b2248b20c00007870770d0e00000000000000000000000078
Musician,LajuanaGrant,Lajuana,Grant,aA@123456,profilePic.png,address,49,t,\xaced00057372000d6a6176612e74696d652e536572955d84ba1b2248b20c00007870770d0e00000000000000000000000078
Musician,DemorioMangum,Demorio,Mangum,aA@123456,profilePic.png,address,27,t,\xaced00057372000d6a6176612e74696d652e536572955d84ba1b2248b20c00007870770d0e00000000000000000000000078
Musician,JawadMcLean,Jawad,McLean,aA@123456,profilePic.png,address,46,t,\xaced00057372000d6a6176612e74696d652e536572955d84ba1b2248b20c00007870770d0e00000000000000000000000078
Musician,TiffinyByrne,Tiffiny,Byrne,aA@123456,profilePic.png,address,49,t,\xaced00057372000d6a6176612e74696d652e536572955d84ba1b2248b20c00007870770d0e00000000000000000000000078
Musician,RenelColeman,Renel,Coleman,aA@123456,profilePic.png,address,22,t,\xaced00057372000d6a6176612e74696d652e536572955d84ba1b2248b20c00007870770d0e00000000000000000000000078
Musician,TashiraHinton,Tashira,Hinton,aA@123456,profilePic.png,address,58,t,\xaced00057372000d6a6176612e74696d652e536572955d84ba1b2248b20c00007870770d0e00000000000000000000000078
Musician,TafariPickett,Tafari,Pickett,aA@123456,profilePic.png,address,54,t,\xaced00057372000d6a6176612e74696d652e536572955d84ba1b2248b20c00007870770d0e00000000000000000000000078
Musician,MarcioCooper,Marcio,Cooper,aA@123456,profilePic.png,address,64,t,\xaced00057372000d6a6176612e74696d652e536572955d84ba1b2248b20c00007870770d0e00000000000000000000000078
Musician,IndeaMcClure,Indea,McClure,aA@123456,profilePic.png,address,26,t,\xaced00057372000d6a6176612e74696d652e536572955d84ba1b2248b20c00007870770d0e00000000000000000000000078
Musician,KasandraBarr,Kasandra,Barr,aA@123456,profilePic.png,address,20,f,\xaced00057372000d6a6176612e74696d652e536572955d84ba1b2248b20c00007870770d0e00000000000000000000000078
Musician,JalonGriffin,Jalon,Griffin,aA@123456,profilePic.png,address,23,f,\xaced00057372000d6a6176612e74696d652e536572955d84ba1b2248b20c00007870770d0e00000000000000000000000078
Musician,MeginBarton,Megin,Barton,aA@123456,profilePic.png,address,47,f,\xaced00057372000d6a6176612e74696d652e536572955d84ba1b2248b20c00007870770d0e00000000000000000000000078
Musician,TrevonRowe,Trevon,Rowe,aA@123456,profilePic.png,address,39,f,\xaced00057372000d6a6176612e74696d652e536572955d84ba1b2248b20c00007870770d0e00000000000000000000000078
Musician,DakishaBurch,Dakisha,Burch,aA@123456,profilePic.png,address,38,f,\xaced00057372000d6a6176612e74696d652e536572955d84ba1b2248b20c00007870770d0e00000000000000000000000078
Musician,BrentynByrd,Brentyn,Byrd,aA@123456,profilePic.png,address,37,f,\xaced00057372000d6a6176612e74696d652e536572955d84ba1b2248b20c00007870770d0e00000000000000000000000078
Musician,ChannellRowe,Channell,Rowe,aA@123456,profilePic.png,address,59,f,\xaced00057372000d6a6176612e74696d652e536572955d84ba1b2248b20c00007870770d0e00000000000000000000000078
Musician,TakashiJennings,Takashi,Jennings,aA@123456,profilePic.png,address,33,f,\xaced00057372000d6a6176612e74696d652e536572955d84ba1b2248b20c00007870770d0e00000000000000000000000078
Musician,EleeshaHawkins,Eleesha,Hawkins,aA@123456,profilePic.png,address,27,f,\xaced00057372000d6a6176612e74696d652e536572955d84ba1b2248b20c00007870770d0e00000000000000000000000078
Musician,ChianteGoldman,Chiante,Goldman,aA@123456,profilePic.png,address,63,f,\xaced00057372000d6a6176612e74696d652e536572955d84ba1b2248b20c00007870770d0e00000000000000000000000078
Musician,CaritaRoss,Carita,Ross,aA@123456,profilePic.png,address,42,f,\xaced00057372000d6a6176612e74696d652e536572955d84ba1b2248b20c00007870770d0e00000000000000000000000078
Musician,LareshaVick,Laresha,Vick,aA@123456,profilePic.png,address,20,f,\xaced00057372000d6a6176612e74696d652e536572955d84ba1b2248b20c00007870770d0e00000000000000000000000078
Musician,JebadiahDougherty,Jebadiah,Dougherty,aA@123456,profilePic.png,address,51,f,\xaced00057372000d6a6176612e74696d652e536572955d84ba1b2248b20c00007870770d0e00000000000000000000000078
Musician,ShervinHouston,Shervin,Houston,aA@123456,profilePic.png,address,32,f,\xaced00057372000d6a6176612e74696d652e536572955d84ba1b2248b20c00007870770d0e00000000000000000000000078
Musician,TarinaSinclair,Tarina,Sinclair,aA@123456,profilePic.png,address,63,f,\xaced00057372000d6a6176612e74696d652e536572955d84ba1b2248b20c00007870770d0e00000000000000000000000078
Musician,CandiesGray,Candies,Gray,aA@123456,profilePic.png,address,19,f,\xaced00057372000d6a6176612e74696d652e536572955d84ba1b2248b20c00007870770d0e00000000000000000000000078
Musician,JareeConner,Jaree,Conner,aA@123456,profilePic.png,address,26,f,\xaced00057372000d6a6176612e74696d652e536572955d84ba1b2248b20c00007870770d0e00000000000000000000000078
Musician,DraperMoore,Draper,Moore,aA@123456,profilePic.png,address,59,f,\xaced00057372000d6a6176612e74696d652e536572955d84ba1b2248b20c00007870770d0e00000000000000000000000078
Musician,CarahPetersen,Carah,Petersen,aA@123456,profilePic.png,address,62,f,\xaced00057372000d6a6176612e74696d652e536572955d84ba1b2248b20c00007870770d0e00000000000000000000000078
Musician,RonelleGoldman,Ronelle,Goldman,aA@123456,profilePic.png,address,51,f,\xaced00057372000d6a6176612e74696d652e536572955d84ba1b2248b20c00007870770d0e00000000000000000000000078
Musician,DarickClapp,Darick,Clapp,aA@123456,profilePic.png,address,25,f,\xaced00057372000d6a6176612e74696d652e536572955d84ba1b2248b20c00007870770d0e00000000000000000000000078
Musician,JarrisMiddleton,Jarris,Middleton,aA@123456,profilePic.png,address,46,f,\xaced00057372000d6a6176612e74696d652e536572955d84ba1b2248b20c00007870770d0e00000000000000000000000078
Musician,MikiScarborough,Miki,Scarborough,aA@123456,profilePic.png,address,41,f,\xaced00057372000d6a6176612e74696d652e536572955d84ba1b2248b20c00007870770d0e00000000000000000000000078
Musician,LadariusGraham,Ladarius,Graham,aA@123456,profilePic.png,address,52,f,\xaced00057372000d6a6176612e74696d652e536572955d84ba1b2248b20c00007870770d0e00000000000000000000000078
Musician,WaymondSteele,Waymond,Steele,aA@123456,profilePic.png,address,32,f,\xaced00057372000d6a6176612e74696d652e536572955d84ba1b2248b20c00007870770d0e00000000000000000000000078
Musician,ShantaleHatcher,Shantale,Hatcher,aA@123456,profilePic.png,address,38,f,\xaced00057372000d6a6176612e74696d652e536572955d84ba1b2248b20c00007870770d0e00000000000000000000000078
Musician,HusseinAbrams,Hussein,Abrams,aA@123456,profilePic.png,address,52,f,\xaced00057372000d6a6176612e74696d652e536572955d84ba1b2248b20c00007870770d0e00000000000000000000000078
Musician,GarrettReid,Garrett,Reid,aA@123456,profilePic.png,address,25,f,\xaced00057372000d6a6176612e74696d652e536572955d84ba1b2248b20c00007870770d0e00000000000000000000000078
Musician,KimberleePearson,Kimberlee,Pearson,aA@123456,profilePic.png,address,49,f,\xaced00057372000d6a6176612e74696d652e536572955d84ba1b2248b20c00007870770d0e00000000000000000000000078
Musician,EmilyannEason,Emilyann,Eason,aA@123456,profilePic.png,address,43,f,\xaced00057372000d6a6176612e74696d652e536572955d84ba1b2248b20c00007870770d0e00000000000000000000000078
Musician,LennoxNorman,Lennox,Norman,aA@123456,profilePic.png,address,36,f,\xaced00057372000d6a6176612e74696d652e536572955d84ba1b2248b20c00007870770d0e00000000000000000000000078
Musician,KenyanMatthews,Kenyan,Matthews,aA@123456,profilePic.png,address,37,f,\xaced00057372000d6a6176612e74696d652e536572955d84ba1b2248b20c00007870770d0e00000000000000000000000078
Musician,RigelKane,Rigel,Kane,aA@123456,profilePic.png,address,51,f,\xaced00057372000d6a6176612e74696d652e536572955d84ba1b2248b20c00007870770d0e00000000000000000000000078
Musician,AneishaCassidy,Aneisha,Cassidy,aA@123456,profilePic.png,address,37,f,\xaced00057372000d6a6176612e74696d652e536572955d84ba1b2248b20c00007870770d0e00000000000000000000000078
Musician,ShabazzWillis,Shabazz,Willis,aA@123456,profilePic.png,address,29,f,\xaced00057372000d6a6176612e74696d652e536572955d84ba1b2248b20c00007870770d0e00000000000000000000000078
Musician,CorneilusHall,Corneilus,Hall,aA@123456,profilePic.png,address,38,f,\xaced00057372000d6a6176612e74696d652e536572955d84ba1b2248b20c00007870770d0e00000000000000000000000078
Musician,ElonaTeague,Elona,Teague,aA@123456,profilePic.png,address,61,f,\xaced00057372000d6a6176612e74696d652e536572955d84ba1b2248b20c00007870770d0e00000000000000000000000078
Musician,JohmSchultz,Johm,Schultz,aA@123456,profilePic.png,address,61,f,\xaced00057372000d6a6176612e74696d652e536572955d84ba1b2248b20c00007870770d0e00000000000000000000000078
Musician,TamiekaWillis,Tamieka,Willis,aA@123456,profilePic.png,address,38,f,\xaced00057372000d6a6176612e74696d652e536572955d84ba1b2248b20c00007870770d0e00000000000000000000000078
Musician,DameonMacDonald,Dameon,MacDonald,aA@123456,profilePic.png,address,64,f,\xaced00057372000d6a6176612e74696d652e536572955d84ba1b2248b20c00007870770d0e00000000000000000000000078
Musician,AamilLawrence,Aamil,Lawrence,aA@123456,profilePic.png,address,44,f,\xaced00057372000d6a6176612e74696d652e536572955d84ba1b2248b20c00007870770d0e00000000000000000000000078
Musician,QuintinMorse,Quintin,Morse,aA@123456,profilePic.png,address,56,f,\xaced00057372000d6a6176612e74696d652e536572955d84ba1b2248b20c00007870770d0e00000000000000000000000078
Musician,ColbiTilley,Colbi,Tilley,aA@123456,profilePic.png,address,25,f,\xaced00057372000d6a6176612e74696d652e536572955d84ba1b2248b20c00007870770d0e00000000000000000000000078
Musician,RoshaundaTeague,Roshaunda,Teague,aA@123456,profilePic.png,address,41,f,\xaced00057372000d6a6176612e74696d652e536572955d84ba1b2248b20c00007870770d0e00000000000000000000000078
Musician,JessciaTilley,Jesscia,Tilley,aA@123456,profilePic.png,address,21,f,\xaced00057372000d6a6176612e74696d652e536572955d84ba1b2248b20c00007870770d0e00000000000000000000000078
Musician,LaqueishaGlover,Laqueisha,Glover,aA@123456,profilePic.png,address,66,f,\xaced00057372000d6a6176612e74696d652e536572955d84ba1b2248b20c00007870770d0e00000000000000000000000078
Musician,MarvinHobbs,Marvin,Hobbs,aA@123456,profilePic.png,address,44,f,\xaced00057372000d6a6176612e74696d652e536572955d84ba1b2248b20c00007870770d0e00000000000000000000000078
Musician,CherrishBoswell,Cherrish,Boswell,aA@123456,profilePic.png,address,29,f,\xaced00057372000d6a6176612e74696d652e536572955d84ba1b2248b20c00007870770d0e00000000000000000000000078
Musician,DelmerHouston,Delmer,Houston,aA@123456,profilePic.png,address,66,f,\xaced00057372000d6a6176612e74696d652e536572955d84ba1b2248b20c00007870770d0e00000000000000000000000078
Musician,ConstanceJoseph,Constance,Joseph,aA@123456,profilePic.png,address,30,f,\xaced00057372000d6a6176612e74696d652e536572955d84ba1b2248b20c00007870770d0e00000000000000000000000078
Musician,DariceSparks,Darice,Sparks,aA@123456,profilePic.png,address,61,f,\xaced00057372000d6a6176612e74696d652e536572955d84ba1b2248b20c00007870770d0e00000000000000000000000078
Musician,DeleciaSteele,Delecia,Steele,aA@123456,profilePic.png,address,58,f,\xaced00057372000d6a6176612e74696d652e536572955d84ba1b2248b20c00007870770d0e00000000000000000000000078
Musician,HilarieVick,Hilarie,Vick,aA@123456,profilePic.png,address,19,f,\xaced00057372000d6a6176612e74696d652e536572955d84ba1b2248b20c00007870770d0e00000000000000000000000078
Musician,AudreLucas,Audre,Lucas,aA@123456,profilePic.png,address,21,f,\xaced00057372000d6a6176612e74696d652e536572955d84ba1b2248b20c00007870770d0e00000000000000000000000078
Musician,DiontaWelch,Dionta,Welch,aA@123456,profilePic.png,address,47,f,\xaced00057372000d6a6176612e74696d652e536572955d84ba1b2248b20c00007870770d0e00000000000000000000000078
Musician,KaliaStevenson,Kalia,Stevenson,aA@123456,profilePic.png,address,44,f,\xaced00057372000d6a6176612e74696d652e536572955d84ba1b2248b20c00007870770d0e00000000000000000000000078
Musician,MerryWelch,Merry,Welch,aA@123456,profilePic.png,address,39,f,\xaced00057372000d6a6176612e74696d652e536572955d84ba1b2248b20c00007870770d0e00000000000000000000000078
Musician,YeseniaMatthews,Yesenia,Matthews,aA@123456,profilePic.png,address,33,f,\xaced00057372000d6a6176612e74696d652e536572955d84ba1b2248b20c00007870770d0e00000000000000000000000078
Musician,AarronGrant,Aarron,Grant,aA@123456,profilePic.png,address,42,f,\xaced00057372000d6a6176612e74696d652e536572955d84ba1b2248b20c00007870770d0e00000000000000000000000078
Musician,MontrelBoswell,Montrel,Boswell,aA@123456,profilePic.png,address,47,f,\xaced00057372000d6a6176612e74696d652e536572955d84ba1b2248b20c00007870770d0e00000000000000000000000078
Musician,SequoyaWeiner,Sequoya,Weiner,aA@123456,profilePic.png,address,47,f,\xaced00057372000d6a6176612e74696d652e536572955d84ba1b2248b20c00007870770d0e00000000000000000000000078
Musician,LehiWalton,Lehi,Walton,aA@123456,profilePic.png,address,45,f,\xaced00057372000d6a6176612e74696d652e536572955d84ba1b2248b20c00007870770d0e00000000000000000000000078
Musician,AleksanderHester,Aleksander,Hester,aA@123456,profilePic.png,address,29,f,\xaced00057372000d6a6176612e74696d652e536572955d84ba1b2248b20c00007870770d0e00000000000000000000000078
Musician,QuintusBoswell,Quintus,Boswell,aA@123456,profilePic.png,address,62,f,\xaced00057372000d6a6176612e74696d652e536572955d84ba1b2248b20c00007870770d0e00000000000000000000000078
Musician,MckaylaMcKenzie,Mckayla,McKenzie,aA@123456,profilePic.png,address,29,f,\xaced00057372000d6a6176612e74696d652e536572955d84ba1b2248b20c00007870770d0e00000000000000000000000078
Musician,CherilynJustice,Cherilyn,Justice,aA@123456,profilePic.png,address,55,f,\xaced00057372000d6a6176612e74696d652e536572955d84ba1b2248b20c00007870770d0e00000000000000000000000078
Musician,JoshalynAbbott,Joshalyn,Abbott,aA@123456,profilePic.png,address,44,f,\xaced00057372000d6a6176612e74696d652e536572955d84ba1b2248b20c00007870770d0e00000000000000000000000078
Musician,KevanDougherty,Kevan,Dougherty,aA@123456,profilePic.png,address,64,f,\xaced00057372000d6a6176612e74696d652e536572955d84ba1b2248b20c00007870770d0e00000000000000000000000078
Musician,RoseyZhang,Rosey,Zhang,aA@123456,profilePic.png,address,40,f,\xaced00057372000d6a6176612e74696d652e536572955d84ba1b2248b20c00007870770d0e00000000000000000000000078
Musician,GraysonStarr,Grayson,Starr,aA@123456,profilePic.png,address,51,f,\xaced00057372000d6a6176612e74696d652e536572955d84ba1b2248b20c00007870770d0e00000000000000000000000078
Musician,AnnamariaBowman,Annamaria,Bowman,aA@123456,profilePic.png,address,26,f,\xaced00057372000d6a6176612e74696d652e536572955d84ba1b2248b20c00007870770d0e00000000000000000000000078
Musician,MatteaSinclair,Mattea,Sinclair,aA@123456,profilePic.png,address,43,f,\xaced00057372000d6a6176612e74696d652e536572955d84ba1b2248b20c00007870770d0e00000000000000000000000078
Musician,ChanaeWilkerson,Chanae,Wilkerson,aA@123456,profilePic.png,address,57,f,\xaced00057372000d6a6176612e74696d652e536572955d84ba1b2248b20c00007870770d0e00000000000000000000000078
Musician,CharnitaSinclair,Charnita,Sinclair,aA@123456,profilePic.png,address,28,f,\xaced00057372000d6a6176612e74696d652e536572955d84ba1b2248b20c00007870770d0e00000000000000000000000078
Musician,ArnieScarborough,Arnie,Scarborough,aA@123456,profilePic.png,address,35,f,\xaced00057372000d6a6176612e74696d652e536572955d84ba1b2248b20c00007870770d0e00000000000000000000000078
Musician,ChanseWeiner,Chanse,Weiner,aA@123456,profilePic.png,address,56,f,\xaced00057372000d6a6176612e74696d652e536572955d84ba1b2248b20c00007870770d0e00000000000000000000000078
Musician,WaylonMelton,Waylon,Melton,aA@123456,profilePic.png,address,47,f,\xaced00057372000d6a6176612e74696d652e536572955d84ba1b2248b20c00007870770d0e00000000000000000000000078
Musician,GalinaKennedy,Galina,Kennedy,aA@123456,profilePic.png,address,23,f,\xaced00057372000d6a6176612e74696d652e536572955d84ba1b2248b20c00007870770d0e00000000000000000000000078
Musician,JessicMcClure,Jessic,McClure,aA@123456,profilePic.png,address,39,f,\xaced00057372000d6a6176612e74696d652e536572955d84ba1b2248b20c00007870770d0e00000000000000000000000078
Musician,AntwyneTerrell,Antwyne,Terrell,aA@123456,profilePic.png,address,29,f,\xaced00057372000d6a6176612e74696d652e536572955d84ba1b2248b20c00007870770d0e00000000000000000000000078
Musician,DevikaRich,Devika,Rich,aA@123456,profilePic.png,address,21,f,\xaced00057372000d6a6176612e74696d652e536572955d84ba1b2248b20c00007870770d0e00000000000000000000000078
Musician,SendyFinch,Sendy,Finch,aA@123456,profilePic.png,address,27,f,\xaced00057372000d6a6176612e74696d652e536572955d84ba1b2248b20c00007870770d0e00000000000000000000000078
Musician,RobLane,Rob,Lane,aA@123456,profilePic.png,address,62,f,\xaced00057372000d6a6176612e74696d652e536572955d84ba1b2248b20c00007870770d0e00000000000000000000000078
Musician,NicholesSparks,Nicholes,Sparks,aA@123456,profilePic.png,address,18,f,\xaced00057372000d6a6176612e74696d652e536572955d84ba1b2248b20c00007870770d0e00000000000000000000000078
Musician,RosibelWhitaker,Rosibel,Whitaker,aA@123456,profilePic.png,address,35,f,\xaced00057372000d6a6176612e74696d652e536572955d84ba1b2248b20c00007870770d0e00000000000000000000000078
Musician,EdsonPittman,Edson,Pittman,aA@123456,profilePic.png,address,35,f,\xaced00057372000d6a6176612e74696d652e536572955d84ba1b2248b20c00007870770d0e00000000000000000000000078
Musician,AlianaSumner,Aliana,Sumner,aA@123456,profilePic.png,address,22,f,\xaced00057372000d6a6176612e74696d652e536572955d84ba1b2248b20c00007870770d0e00000000000000000000000078
Musician,NairobyTilley,Nairoby,Tilley,aA@123456,profilePic.png,address,28,f,\xaced00057372000d6a6176612e74696d652e536572955d84ba1b2248b20c00007870770d0e00000000000000000000000078
Musician,LeanaMoon,Leana,Moon,aA@123456,profilePic.png,address,63,f,\xaced00057372000d6a6176612e74696d652e536572955d84ba1b2248b20c00007870770d0e00000000000000000000000078
Musician,KiannaHanna,Kianna,Hanna,aA@123456,profilePic.png,address,34,f,\xaced00057372000d6a6176612e74696d652e536572955d84ba1b2248b20c00007870770d0e00000000000000000000000078
Musician,AunnaMcKenzie,Aunna,McKenzie,aA@123456,profilePic.png,address,49,f,\xaced00057372000d6a6176612e74696d652e536572955d84ba1b2248b20c00007870770d0e00000000000000000000000078
Musician,ShalanMcClure,Shalan,McClure,aA@123456,profilePic.png,address,55,f,\xaced00057372000d6a6176612e74696d652e536572955d84ba1b2248b20c00007870770d0e00000000000000000000000078
Musician,QuartezWalton,Quartez,Walton,aA@123456,profilePic.png,address,58,f,\xaced00057372000d6a6176612e74696d652e536572955d84ba1b2248b20c00007870770d0e00000000000000000000000078
Musician,LaporcheSnyder,Laporche,Snyder,aA@123456,profilePic.png,address,43,f,\xaced00057372000d6a6176612e74696d652e536572955d84ba1b2248b20c00007870770d0e00000000000000000000000078
Musician,NatinaJoyce,Natina,Joyce,aA@123456,profilePic.png,address,59,f,\xaced00057372000d6a6176612e74696d652e536572955d84ba1b2248b20c00007870770d0e00000000000000000000000078
Musician,EvensSnyder,Evens,Snyder,aA@123456,profilePic.png,address,37,f,\xaced00057372000d6a6176612e74696d652e536572955d84ba1b2248b20c00007870770d0e00000000000000000000000078
Musician,SteviClapp,Stevi,Clapp,aA@123456,profilePic.png,address,51,f,\xaced00057372000d6a6176612e74696d652e536572955d84ba1b2248b20c00007870770d0e00000000000000000000000078
Musician,LeishaHawkins,Leisha,Hawkins,aA@123456,profilePic.png,address,35,f,\xaced00057372000d6a6176612e74696d652e536572955d84ba1b2248b20c00007870770d0e00000000000000000000000078
Musician,MaricelaMonroe,Maricela,Monroe,aA@123456,profilePic.png,address,46,f,\xaced00057372000d6a6176612e74696d652e536572955d84ba1b2248b20c00007870770d0e00000000000000000000000078
Musician,IyonaAlexander,Iyona,Alexander,aA@123456,profilePic.png,address,39,f,\xaced00057372000d6a6176612e74696d652e536572955d84ba1b2248b20c00007870770d0e00000000000000000000000078
Musician,JamillahClapp,Jamillah,Clapp,aA@123456,profilePic.png,address,57,f,\xaced00057372000d6a6176612e74696d652e536572955d84ba1b2248b20c00007870770d0e00000000000000000000000078
Musician,CaseeBarton,Casee,Barton,aA@123456,profilePic.png,address,18,f,\xaced00057372000d6a6176612e74696d652e536572955d84ba1b2248b20c00007870770d0e00000000000000000000000078
Musician,MoniceSnyder,Monice,Snyder,aA@123456,profilePic.png,address,63,f,\xaced00057372000d6a6176612e74696d652e536572955d84ba1b2248b20c00007870770d0e00000000000000000000000078
Musician,ZafirahAbbott,Zafirah,Abbott,aA@123456,profilePic.png,address,51,f,\xaced00057372000d6a6176612e74696d652e536572955d84ba1b2248b20c00007870770d0e00000000000000000000000078
Musician,TayloreHardin,Taylore,Hardin,aA@123456,profilePic.png,address,48,f,\xaced00057372000d6a6176612e74696d652e536572955d84ba1b2248b20c00007870770d0e00000000000000000000000078
Musician,MichelRoss,Michel,Ross,aA@123456,profilePic.png,address,21,f,\xaced00057372000d6a6176612e74696d652e536572955d84ba1b2248b20c00007870770d0e00000000000000000000000078
Musician,SandroSong,Sandro,Song,aA@123456,profilePic.png,address,56,f,\xaced00057372000d6a6176612e74696d652e536572955d84ba1b2248b20c00007870770d0e00000000000000000000000078
Musician,AarronHoyle,Aarron,Hoyle,aA@123456,profilePic.png,address,45,f,\xaced00057372000d6a6176612e74696d652e536572955d84ba1b2248b20c00007870770d0e00000000000000000000000078
Musician,AshiaMcNeill,Ashia,McNeill,aA@123456,profilePic.png,address,31,f,\xaced00057372000d6a6176612e74696d652e536572955d84ba1b2248b20c00007870770d0e00000000000000000000000078
Musician,CameronDavidson,Cameron,Davidson,aA@123456,profilePic.png,address,40,f,\xaced00057372000d6a6176612e74696d652e536572955d84ba1b2248b20c00007870770d0e00000000000000000000000078
Musician,TexasChandler,Texas,Chandler,aA@123456,profilePic.png,address,39,f,\xaced00057372000d6a6176612e74696d652e536572955d84ba1b2248b20c00007870770d0e00000000000000000000000078
Musician,AncilMonroe,Ancil,Monroe,aA@123456,profilePic.png,address,40,f,\xaced00057372000d6a6176612e74696d652e536572955d84ba1b2248b20c00007870770d0e00000000000000000000000078
Musician,TyreeDunn,Tyree,Dunn,aA@123456,profilePic.png,address,32,f,\xaced00057372000d6a6176612e74696d652e536572955d84ba1b2248b20c00007870770d0e00000000000000000000000078
Musician,GiovannyMoon,Giovanny,Moon,aA@123456,profilePic.png,address,19,f,\xaced00057372000d6a6176612e74696d652e536572955d84ba1b2248b20c00007870770d0e00000000000000000000000078
Musician,Dammonnull,Dammon,,aA@123456,profilePic.png,address,61,f,\xaced00057372000d6a6176612e74696d652e536572955d84ba1b2248b20c00007870770d0e00000000000000000000000078
Musician,AdelaNichols,Adela,Nichols,aA@123456,profilePic.png,address,59,f,\xaced00057372000d6a6176612e74696d652e536572955d84ba1b2248b20c00007870770d0e00000000000000000000000078
Musician,ChastineHolloway,Chastine,Holloway,aA@123456,profilePic.png,address,23,f,\xaced00057372000d6a6176612e74696d652e536572955d84ba1b2248b20c00007870770d0e00000000000000000000000078
Musician,JeaniceMcLaughlin,Jeanice,McLaughlin,aA@123456,profilePic.png,address,62,f,\xaced00057372000d6a6176612e74696d652e536572955d84ba1b2248b20c00007870770d0e00000000000000000000000078
Musician,RustyJames,Rusty,James,aA@123456,profilePic.png,address,28,f,\xaced00057372000d6a6176612e74696d652e536572955d84ba1b2248b20c00007870770d0e00000000000000000000000078
Musician,JulieannaChristian,Julieanna,Christian,aA@123456,profilePic.png,address,29,f,\xaced00057372000d6a6176612e74696d652e536572955d84ba1b2248b20c00007870770d0e00000000000000000000000078
Musician,DeneneGoldman,Denene,Goldman,aA@123456,profilePic.png,address,40,f,\xaced00057372000d6a6176612e74696d652e536572955d84ba1b2248b20c00007870770d0e00000000000000000000000078
Musician,RiannAlexander,Riann,Alexander,aA@123456,profilePic.png,address,29,f,\xaced00057372000d6a6176612e74696d652e536572955d84ba1b2248b20c00007870770d0e00000000000000000000000078
Musician,AlfordBowden,Alford,Bowden,aA@123456,profilePic.png,address,54,f,\xaced00057372000d6a6176612e74696d652e536572955d84ba1b2248b20c00007870770d0e00000000000000000000000078
Musician,LecoleBecker,Lecole,Becker,aA@123456,profilePic.png,address,63,f,\xaced00057372000d6a6176612e74696d652e536572955d84ba1b2248b20c00007870770d0e00000000000000000000000078
Musician,MarioGriffin,Mario,Griffin,aA@123456,profilePic.png,address,22,f,\xaced00057372000d6a6176612e74696d652e536572955d84ba1b2248b20c00007870770d0e00000000000000000000000078
Musician,UtopiaCassidy,Utopia,Cassidy,aA@123456,profilePic.png,address,35,f,\xaced00057372000d6a6176612e74696d652e536572955d84ba1b2248b20c00007870770d0e00000000000000000000000078
Musician,ErikkaPickett,Erikka,Pickett,aA@123456,profilePic.png,address,32,f,\xaced00057372000d6a6176612e74696d652e536572955d84ba1b2248b20c00007870770d0e00000000000000000000000078
Musician,RainiePuckett,Rainie,Puckett,aA@123456,profilePic.png,address,29,f,\xaced00057372000d6a6176612e74696d652e536572955d84ba1b2248b20c00007870770d0e00000000000000000000000078
Musician,ErienneBarton,Erienne,Barton,aA@123456,profilePic.png,address,49,f,\xaced00057372000d6a6176612e74696d652e536572955d84ba1b2248b20c00007870770d0e00000000000000000000000078
Musician,GerrenStevenson,Gerren,Stevenson,aA@123456,profilePic.png,address,35,f,\xaced00057372000d6a6176612e74696d652e536572955d84ba1b2248b20c00007870770d0e00000000000000000000000078
Musician,ToureMcNeill,Toure,McNeill,aA@123456,profilePic.png,address,28,f,\xaced00057372000d6a6176612e74696d652e536572955d84ba1b2248b20c00007870770d0e00000000000000000000000078
Musician,AlexanerHunt,Alexaner,Hunt,aA@123456,profilePic.png,address,33,f,\xaced00057372000d6a6176612e74696d652e536572955d84ba1b2248b20c00007870770d0e00000000000000000000000078
Musician,SonO'Donnell,Son,O'Donnell,aA@123456,profilePic.png,address,40,f,\xaced00057372000d6a6176612e74696d652e536572955d84ba1b2248b20c00007870770d0e00000000000000000000000078
Musician,RiannAbbott,Riann,Abbott,aA@123456,profilePic.png,address,52,f,\xaced00057372000d6a6176612e74696d652e536572955d84ba1b2248b20c00007870770d0e00000000000000000000000078
Musician,TrystanDesai,Trystan,Desai,aA@123456,profilePic.png,address,61,f,\xaced00057372000d6a6176612e74696d652e536572955d84ba1b2248b20c00007870770d0e00000000000000000000000078
Musician,ChastaScarborough,Chasta,Scarborough,aA@123456,profilePic.png,address,36,f,\xaced00057372000d6a6176612e74696d652e536572955d84ba1b2248b20c00007870770d0e00000000000000000000000078
Musician,DarianaHoyle,Dariana,Hoyle,aA@123456,profilePic.png,address,29,f,\xaced00057372000d6a6176612e74696d652e536572955d84ba1b2248b20c00007870770d0e00000000000000000000000078
Musician,ColynTeague,Colyn,Teague,aA@123456,profilePic.png,address,43,f,\xaced00057372000d6a6176612e74696d652e536572955d84ba1b2248b20c00007870770d0e00000000000000000000000078
Musician,PaulMcAllister,Paul,McAllister,aA@123456,profilePic.png,address,24,f,\xaced00057372000d6a6176612e74696d652e536572955d84ba1b2248b20c00007870770d0e00000000000000000000000078
Musician,VedaPowers,Veda,Powers,aA@123456,profilePic.png,address,56,f,\xaced00057372000d6a6176612e74696d652e536572955d84ba1b2248b20c00007870770d0e00000000000000000000000078
Musician,TorrellMcNamara,Torrell,McNamara,aA@123456,profilePic.png,address,20,f,\xaced00057372000d6a6176612e74696d652e536572955d84ba1b2248b20c00007870770d0e00000000000000000000000078
Musician,LizetteAbbott,Lizette,Abbott,aA@123456,profilePic.png,address,27,f,\xaced00057372000d6a6176612e74696d652e536572955d84ba1b2248b20c00007870770d0e00000000000000000000000078
Musician,PreetiGoldman,Preeti,Goldman,aA@123456,profilePic.png,address,65,f,\xaced00057372000d6a6176612e74696d652e536572955d84ba1b2248b20c00007870770d0e00000000000000000000000078
Musician,AnnamariaThornton,Annamaria,Thornton,aA@123456,profilePic.png,address,53,f,\xaced00057372000d6a6176612e74696d652e536572955d84ba1b2248b20c00007870770d0e00000000000000000000000078
Musician,CherisBlack,Cheris,Black,aA@123456,profilePic.png,address,38,f,\xaced00057372000d6a6176612e74696d652e536572955d84ba1b2248b20c00007870770d0e00000000000000000000000078
Musician,ClaudioButler,Claudio,Butler,aA@123456,profilePic.png,address,36,f,\xaced00057372000d6a6176612e74696d652e536572955d84ba1b2248b20c00007870770d0e00000000000000000000000078
Musician,DeliseBeasley,Delise,Beasley,aA@123456,profilePic.png,address,26,f,\xaced00057372000d6a6176612e74696d652e536572955d84ba1b2248b20c00007870770d0e00000000000000000000000078
Musician,MelvinDavis,Melvin,Davis,aA@123456,profilePic.png,address,38,f,\xaced00057372000d6a6176612e74696d652e536572955d84ba1b2248b20c00007870770d0e00000000000000000000000078
Musician,JeanetteWelch,Jeanette,Welch,aA@123456,profilePic.png,address,36,t,\xaced00057372000d6a6176612e74696d652e536572955d84ba1b2248b20c00007870770d0e00000000000000000000000078
Employer,JoeSmith,Joe,Smith,1234,a,,,,
Employer,MariaSmith,Maria,Smith,1234,a,,,,
Employer,JohnHammond,John,Hammond,1234,a,,,,
Employer,BillFox,Bill,Fox,1234,a,,,,
Musician,MaymeSolomon,Mayme,Solomon,aA@123456,profilePic.png,address,27,t,\xaced00057372000d6a6176612e74696d652e536572955d84ba1b2248b20c00007870770d0e00000000000000000000000078
Employer,GeorgeAbbott,George,Abbott,1234,a,,,,
Employer,GiovanyGorgio,Giovany,Gorgio,1234,a,,,,
Employer,GeorgePapadopoylos,George,Papadopoylos,1234,a,,,,
Employer,AnneSimpson,Anne,Simpson,1234,a,,,,
Musician,AliceMcCarthy,Alice,McCarthy,password b,b,address b,30,f,\xaced00057372000d6a6176612e74696d652e536572955d84ba1b2248b20c00007870770d0e00000000000000000000000078
Musician,SteveCook,Steve,Cook,a,profile.jpg,Patision 20,20,t,\xaced00057372000d6a6176612e74696d652e536572955d84ba1b2248b20c00007870770d0e00000000000000000000000078
Musician,AlexMason,Alex,Mason,password c,a,address c,40,t,\xaced00057372000d6a6176612e74696d652e536572955d84ba1b2248b20c00007870770d0e00000000000000000000000078
Employer,MarkOwen,Mark,Owen,a,profile.jpg,,,,
